pop,n_stocked,ne_ld,q1
LMU,0,10000,0.978595
LDA,51000,10000,0.953263333
UDA,67130,10000,0.947576667
WIM,1374400,48,0.68183913
MAQ,580495,89,0.55373
GIN,0,101,0.84646
GWY,399129,98,0.885677273
MAC,360336,202,0.76576
DUM,33236,26,0.560726316
MBG,1621132,389,0.7346
MID,304085,1193,0.825785294
LOD,1566500,284,0.626444444
GUN,363000,2825,0.75461
CAM,1054000,48,0.383702703
GOU,983020,160,0.576476667
BRO,1120600,37,0.443288
YAR,97167,439,0.680992593